sequence,labels
IF,fiber
DFF,fiber
FYK,fiber
YFK,fiber
GPG,fiber
FFD,fiber
LVE,fiber
YYD,fiber
FFS,fiber
KL,fiber
DF,fiber
GA,fiber
FWK,fiber
GD,fiber
FWR,fiber
FWS,fiber
FEW,fiber
FWD,fiber
FFR,fiber
FFE,fiber
FFK,fiber
YL,fiber
KYF,fiber
GSH,fiber
KFF,fiber
KYW,fiber
CHC,fiber
AV,fiber
VA,fiber
CL,fiber
FGG,fiber
YYKLVFFC,fiber
VVVVVVKK,fiber
VVVVVVK,fiber
VRVRVRVRVDPPTRVRVRVRV,fiber
VLYSWKNEQ,fiber
VKVKVKVKVPPTKVKVKVKV,fiber
VKVKVKGKVPPTKEEVKVKV,fiber
VKVKVKGKVKVPPTKVEEKVKV,fiber
VIYSWKNEQ,fiber
VIIK,fiber
VFYYNKNER,fiber
VFFSWTDDR,fiber
VFFSWKNDN,fiber
VFFPNKEDN,fiber
VFAYNKDER,fiber
RLQLQLE,fiber
RIIIIR,fiber
RARADADARARADADA,fiber
RADARADARADARADA,fiber
RADAGAGARADAGAGA,fiber
QQRFQWQFEQQ,fiber
QQRFQQWQFEQQ,fiber
QQRFEWEFEQQ,fiber
QQKFQFQFEQQ,fiber
PAPAPAPA,fiber
NILQEVKNILKEVKNILWEVKNILQEVK,fiber
NANPNANPNANPSGSGQQKFQFQFEQQ,fiber
MEMEMKMKMEMEMKMK,fiber
LLLLLLKK,fiber
LLLLK,fiber
LLAYWTEDN,fiber
LIYYNKEER,fiber
LIYPWTNEQ,fiber
LIIK,fiber
LIIIK,fiber
LIAYWTEEN,fiber
LIAYWTEDQ,fiber
LIAYWTEDN,fiber
LIAYWTDHR,fiber
LFYYNTEDQ,fiber
LFYSWKEHR,fiber
LFYSWKDHR,fiber
LFFYNKEHR,fiber
LFFSWKEHR,fiber
KSLSLSLRGSLSLSLKGRGDS,fiber
KRRFFRRK,fiber
KLLLL,fiber
KLDLKLDLKLDL,fiber
KKSLSLSLSLSLSLKK,fiber
KKQYQYQYQYQYQYKK,fiber
KKQWQWQWQWQWQWKK,fiber
KKQLQLQLQLQLQLKK,fiber
KKQFQFQFQFQFQFKK,fiber
KIQQLKQKNQQLKQEIQQLEQEIQQLEQ,fiber
KIQQLKQKIQQLKQEIQQLEQENQQLEQ,fiber
KIDRLKWKIAQLKADVDKLEADNAQLDA,fiber
KIAALKQKNAALKQEIAALEQEIAALEQ,fiber
KIAALKQKIAALKQEIAALEQENAALEQ,fiber
KIAALKKKNAALKAEIAALEKENAALEA,fiber
KIAALKAKNAALKAEIAALEWEIAALEA,fiber
KIAALKAKNAALKAEIAALEAENAALEA,fiber
KIAALKAKNAALKAEIAALEAEIAALEA,fiber
KIAALKAKIAALKAEIAALEWENAALEA,fiber
KIAALKAKIAALKAEIAALEAENAALEA,fiber
KIAALKAKHAALKAEIAALEAEHAALEA,fiber
KFFFFFK,fiber
KAAAAAA,fiber
IQQLKNQIKQLLKQAAIQQLQNQIQQLLQQ,fiber
IQQLKNQIKQLLKQ,fiber
ILYSWKEHR,fiber
ILFYWKDDQ,fiber
IKQLEDKIEELLSKAAIKQLEDKIEELLSK,fiber
IIYSWKEHR,fiber
IIVK,fiber
IILK,fiber
IIK,fiber
IIILK,fiber
IIILIK,fiber
IIIKGVPGVGVPGVGK,fiber
IIIKGVPGVGK,fiber
IIIK,fiber
IIIIKKY,fiber
IIIIK,fiber
IIIIIIK,fiber
IIIGVPGVGVPGVGKK,fiber
IIIGVPGVGKK,fiber
IIIGK,fiber
IIIGGK,fiber
IIFYWKDDQ,fiber
IFYYNTNDR,fiber
IFYYNTEDQ,fiber
GAGAGSGAAS,fiber
GAGAGS,fiber
FPTFPT,fiber
FKIDF,fiber
FKFEFKFE,fiber
FFVDF,fiber
FFSGGGGRPHPFH,fiber
FFKEKEFF,fiber
FFGK,fiber
FFFGK,fiber
EYNFDFKFNYH,fiber
EYNDFFKIYH,fiber
EYFNKFYK,fiber
ESLSLSLSLSLSLE,fiber
EQLQLQLQLQLQLE,fiber
EMKMKMEMEMKMK,fiber
EIAQHEKEIQAIEKKIAQHEYKIQAIEEKIAQHKEKIQAIK,fiber
EEEPA,fiber
ECLSLCLSLCLSLE,fiber
EAKKKKKKKKKKKKKKKK,fiber
CKQLEDKIEELLSKAACKQLEDKIEELLSK,fiber
CFKFEFKFECG,fiber
CCCCGGGSRGD,fiber
CCCCGGGEIKVAV,fiber
AAAAAAAAAKK,fiber
AAAAAAAAAK,fiber
AAAAAAAAAAAARR,fiber
IIAYWTNER,fiber
LLAYWTNER,fiber
NTAYFYADQ,fiber
NTGYFYGDQ,fiber
QRLQLQLEQ,fiber
TSRFAAFSQK,fiber
TSRFVFFSQK,fiber
VFFSWKNEN,fiber
PFG,micelle
DFY,micelle
GY,fiber
IVD,micelle
FS,micelle
VG,micelle
FA,micelle
FGD,micelle
FAD,micelle
KFA,fiber
LLE,micelle
KCR,micelle
LFF,fiber
YSL,micelle
LKP,micelle
LIAYWTDEQ,micelle
LIAYWTNHR,micelle
VFAYWTEEQ,micelle
LLAYWTDEQ,micelle
LLAYWTEEN,micelle
LIYPWKNDR,micelle
LLAYWTNHR,micelle
LLAYWTDHR,micelle
LIYPWKDDN,micelle
IFAYWTEDN,micelle
LFAYWTEDQ,micelle
LFAYWTDEQ,micelle
IFAPWKDHQ,micelle
LFYYWTNDN,micelle
VFFYWTNEQ,micelle
VFFPWKEDN,micelle
IIAYWTEDQ,micelle
IIAYWTEEN,micelle
IFAYWKDHR,micelle
LIYYWKEHQ,micelle
IFYPWKNHR,micelle
IIAYWTEDN,micelle
IIAYWTNHR,micelle
LIYYWKDEQ,micelle
LIYYWKEDQ,micelle
LIYYWKEEN,micelle
LIYYWKNEN,micelle
LIYYWKNDN,micelle
LIYYWTNHN,micelle
LIYYWKDDN,micelle
LIYYWTNEQ,micelle
LIYYWTDEQ,micelle
LIYYWTEDQ,micelle
IFYPWKEHR,micelle
IFYPGTDHR,micelle
LFAYWTEDN,micelle
VFAYWTNDR,micelle
IFYPWTDHR,micelle
LFFPWKEDR,micelle
IFYYWTNDN,micelle
VLYYWTEER,micelle
LIFYWTEHR,micelle
ILAYWTEEN,micelle
ILAYWTNHR,micelle
LFFYWTDHR,micelle
LLYYWKEHQ,micelle
LLYYWKDEQ,micelle
LLYYWKEDQ,micelle
LLYYWKEEN,micelle
VFFPWKNDN,micelle
LLYYWKNEN,micelle
LLYYWTNHN,micelle
LIFYWKEHR,micelle
LLYYWKDDN,micelle
LLYYWTNEQ,micelle
LLYYWTDEQ,micelle
LLYYWTEDQ,micelle
LLYYWTEEN,micelle
IIYYWKDEQ,micelle
IIYYWKEDQ,micelle
IIYYWKEEN,micelle
LFAYNKNDR,micelle
LIFYWKEHQ,micelle
IIYYWTNEQ,micelle
IIYYWTEEN,micelle
LIFYWKNHQ,micelle
LIFYWKNHN,micelle
LIFYWKDHN,micelle
LIFYWTNDR,micelle
LIFYWKNDQ,micelle
LIFYWKNEN,micelle
LIFYWTEEQ,micelle
LIFYWTNEQ,micelle
VFAYWKDDN,micelle
VFAYWTNEQ,micelle
VFAYWTEEN,micelle
LIFYWKDEN,micelle
LIFYWKEDN,micelle
ILYYWKDEQ,micelle
ILYYWKEDQ,micelle
ILYYWKEEN,micelle
LFYPWKEHR,micelle
ILYYWTNHN,micelle
ILYYWKDDN,micelle
ILYYWTNEQ,micelle
VFFPWKNEN,micelle
ILYYWTEDQ,micelle
LFYYWKEHR,micelle
VFFPWKDDQ,micelle
VFFPWKNDQ,micelle
LFAYWKDHR,micelle
ILYPWKDHR,micelle
LFFYWKEHR,micelle
LFYPWKDHR,micelle
ILYPWKNDR,micelle
LFYYWKDDR,micelle
LFYYWKDHN,micelle
LFYYWTNDR,micelle
LFYYWTDDR,micelle
LFFYWTDER,micelle
LFYYWTEEQ,micelle
ILYPWKNDN,micelle
LFFYWKEDN,micelle
ILYPWKDDN,micelle
LFAYNKDDR,micelle
IIFYWTEHR,micelle
IFYYNKDDR,micelle
VFYYWKDER,micelle
VFYYWKEDR,micelle
LLFYWTEHR,micelle
VFYYWKEHN,micelle
LLFYWKNDN,micelle
IFYYWKEHR,micelle
IIYYWKNEN,micelle
IIYYWKNDN,micelle
IIFYWKEHR,micelle
IFYYWKDDR,micelle
IFYYWKDHN,micelle
IFYYWTNDR,micelle
IFYYWTDDR,micelle
IFFYWTDER,micelle
IIFYWKEHQ,micelle
IFYYWTEEQ,micelle
IIFYWKNHQ,micelle
VFAYNKNER,micelle
IFFYWKEDN,micelle
IIFYWKNHN,micelle
IIFYWKDHN,micelle
ILFYWTEHR,micelle
IIFYWTNDR,micelle
IIFYWKNDQ,micelle
IIFYWKNEN,micelle
LLFYWKEHR,micelle
IIFYWTEEQ,micelle
IIFYWTNEQ,micelle
LLFYWKEHQ,micelle
LLFYWKNHQ,micelle
LLFYWKNHN,micelle
VFAYWKNDN,micelle
LLFYWKDHN,micelle
LLFYWTNDR,micelle
IIFYWKDEN,micelle
IIFYWKEDN,micelle
LLFYWKNDQ,micelle
LFYYWTDDN,micelle
LLFYWTEEQ,micelle
LLFYWTNEQ,micelle
LIFYWKDDQ,micelle
ILFYWKEHR,micelle
LLFYWKDEN,micelle
LLFYWKEDN,micelle
ILFYWKEHQ,micelle
ILFYWKNHQ,micelle
ILFYWKNHN,micelle
ILFYWKDHN,micelle
ILFYWKNDQ,micelle
ILFYWKNEN,micelle
ILFYWTEEQ,micelle
ILFYWKNDN,micelle
ILFYWTNEQ,micelle
IFAYNKDDR,micelle
ILYYWKEHQ,micelle
ILFYWKDEN,micelle
ILFYWKEDN,micelle
ILYYWKNEN,micelle
LLFYWKDDQ,micelle
IFFYNKEHR,micelle
LIYSWKEHR,micelle
LLFYNKEER,micelle
LFYYNKDDR,micelle
IFAYNKNDR,micelle
VFFYGKEHR,micelle
ILYYNKEER,micelle
IIYYWTNHN,micelle
LLYPWKDHR,micelle
VFAYWTDEQ,micelle
LLYYNKEER,micelle
IIYPWKDDN,micelle
LFFSWKNDN,micelle
LFFSWKDHR,micelle
LLASWKEHR,micelle
LLYSWKEHR,micelle
IFYYNTDEQ,micelle
VIYYWTEER,micelle
IFYSWKEHR,micelle
VFYPWTEHR,micelle
IFYSWKNHR,micelle
IFFSWKDHR,micelle
VFYPWTNHN,micelle
IFYYWTDDN,micelle
LFAPWKDHQ,micelle
VFFSWTEEQ,micelle
LFYSWKNHR,micelle
GLVGAAGLGGLGVGGLG,micelle
NTKYFYEDQ,micelle
AEAEAKAKAEAEAKAK,micelle
AEAEAEAEAKAKAKAK,micelle
ISDNL,micelle
LDFPI,micelle
FAGFT,micelle
FGFDP,micelle
VKVFF,micelle
AEAEAEAKAEAEAKAK,micelle
GGGGGGGCCERGDS,micelle
IFAYWKDER,micelle
IFAYWKEDR,micelle
IFYYWTEER,micelle
IIFYWKEDR,micelle
ILAYWTNER,micelle
ILFYWKEER,micelle
LFAYWKDER,micelle
LFAYWKEDR,micelle
LFYPWKDER,micelle
LLFYWKEER,micelle
PK,fiber
FG,ribbon
GHK,ribbon
CLRVRGEV,ribbon
EFFFFE,ribbon
FKFKFKFE,ribbon
FKFKFEFE,ribbon
HIIIIIH,ribbon
HIIIIH,ribbon
IIIIIIKK,ribbon
IIIIIIKKK,ribbon
IIIQGK,ribbon
IIISGK,ribbon
IIIYGK,ribbon
ILIIK,ribbon
KEFFFFKE,ribbon
AAAK,sheet
GAGAGVGY,sheet
GNNQQNY,sheet
LSFDNSGAITIG,sheet
RIIIR,sheet
VKVKVKGKVPPTKVKVKVKV,sheet
KFFFE,sheet
KFG,tube
VYK,tube
RGD,fiber
FNF,tube
GF,tube
AF,tube
GW,tube
FP,tube
LF,tube
VF,fiber
VI,tube
VL,tube
LV,tube
AAAAAAD,tube
AAAAAAAK,tube
AAAAAAK,tube
AAAKAAAAKAAAAAYA,tube
GGGGDD,tube
GGGGGGDD,tube
GGGGGGGGDD,tube
GGGGGGGGGGDD,tube
IIIFGK,tube
KIIIIK,tube
KIIIK,tube
VVVVVVKKKK,tube
FV,vesicle
LLAYWTEDQ,vesicle
IFAYWTDEQ,vesicle
IFAYWTEDQ,vesicle
LIYPWKNDN,vesicle
IIAYWTDEQ,vesicle
LLFPWTDDR,vesicle
IIFPWTEEQ,vesicle
LIYPWKDHR,vesicle
IIAYWTDHR,vesicle
IIFPWTDDR,vesicle
LIYYWTEEN,vesicle
ILAYWTEDN,vesicle
VFAYWTEDQ,vesicle
ILAYWTDEQ,vesicle
ILAYWTEDQ,vesicle
VFAYWTDDR,vesicle
LFAPWKEHN,vesicle
ILAYWTDHR,vesicle
LFAYNKEEQ,vesicle
LFAPWKNHQ,vesicle
IFFYWTDHR,vesicle
VFAYNKEDR,vesicle
IIYYWTEDQ,vesicle
IIYYWTDEQ,vesicle
IIYYWKDDN,vesicle
LIAYGTNDR,vesicle
IFYYNTDDR,vesicle
LLYYWKNDN,vesicle
ILYYWTDEQ,vesicle
ILYYWTEEN,vesicle
ILYPWTNEQ,vesicle
VFFPWTDDR,vesicle
LIFYWTDDR,vesicle
ILFPWTDDR,vesicle
VIAPWKEHR,vesicle
LFYYNTNDR,vesicle
LIFYWKNDN,vesicle
LFYYNTEER,vesicle
LFYPWTDHR,vesicle
IFYYNKEEQ,vesicle
VFYYNKDER,vesicle
LFYPWKNHR,vesicle
IFYYGKEER,vesicle
IFAYNTEHQ,vesicle
IIFYWTDDR,vesicle
IFYPWKDHR,vesicle
IIAYGTNDR,vesicle
VIYYNTEHQ,vesicle
LLFYWTDDR,vesicle
LFYYNTDEQ,vesicle
IIYYWKEHQ,vesicle
IIFYWKNDN,vesicle
IFAPWKEHN,vesicle
ILFPWTEEQ,vesicle
VLFPWTEHQ,vesicle
VLAPWKEHR,vesicle
LFYYNTDDR,vesicle
IFAPWKNHQ,vesicle
ILFYWTDDR,vesicle
ILFYWTNDR,vesicle
IFFPWKEDR,vesicle
LLFYWKNEN,vesicle
ILYYWKNDN,vesicle
IIYYNKEER,vesicle
IFFYWKEHR,vesicle
IFAYNKEEQ,vesicle
LFYYNKEEQ,vesicle
LIFSWTDHR,vesicle
LLYPWTNEQ,vesicle
LFYYNKEER,vesicle
VFFPWKDEN,vesicle
LFAYNTEHQ,vesicle
IIFSWTNHR,vesicle
VFAPWKEHR,vesicle
IFYYNTEER,vesicle
IIFYNKEER,vesicle
ILFYNKEER,vesicle
LFYYNKEHR,vesicle
LLFSWTDHR,vesicle
IIYPWTNEQ,vesicle
LLYPWKDDN,vesicle
VFAYWKEHQ,vesicle
ILAYGTNDR,vesicle
IIYPWKNDN,vesicle
LLYPWKNDN,vesicle
LLFSWTNHR,vesicle
IIYPWKNDR,vesicle
LLYPWKNDR,vesicle
VFYPWTNDQ,vesicle
ILASWKEHR,vesicle
ILFSWTDHR,vesicle
LIFPWTDDR,vesicle
IIYPWKDHR,vesicle
ILFSWTNHR,vesicle
IFYYNKEHR,vesicle
LIFSWTNHR,vesicle
VFFSGTDDN,vesicle
VLYSNTEDN,vesicle
IFFSNTEHQ,vesicle
VFFYNKDHN,vesicle
VIAYGTNER,vesicle
LIYPGKEER,vesicle
LIYPNKEHR,vesicle
VFFYNKNHN,vesicle
IFFSWKEHR,vesicle
LIFPWTEEQ,vesicle
VIYSNTEDN,vesicle
IFYSWKDHR,vesicle
VFYPWTDDQ,vesicle
LLAYGTNDR,vesicle
VIFPWTEHQ,vesicle
LIFYNKEER,vesicle
IIFSWTDHR,vesicle
VLYYNTEHQ,vesicle
VFYPWKEDR,vesicle
VFFPNTNDR,vesicle
VFFSNKDER,vesicle
LFFSNTEHQ,vesicle
IIASWKEHR,vesicle
IIYPNKEHR,vesicle
IIYPGKEER,vesicle
VFFSWKDDN,vesicle
VFFPNKDDQ,vesicle
VFFPNKDEN,vesicle
LIASWKEHR,vesicle
VFFPGKEER,vesicle
VFFSWTEHQ,vesicle
VIFSGTNER,vesicle
VFFSWTNEQ,vesicle
VFFSWKEHQ,vesicle
VLFSGTNER,vesicle
ILYPGKEER,vesicle
ILYPNKEHR,vesicle
VIASWTNHN,vesicle
VFFSNKEDR,vesicle
LLYPGKEER,vesicle
VLAYGTNER,vesicle
LLYPNKEHR,vesicle
VLASWTNHN,vesicle
LLLLLLDD,vesicle
AAAAAAKK,vesicle
VVVVVVKKK,vesicle
IIIIIIKKKK,vesicle
LLLK,vesicle
LLLLLK,vesicle
AAVVLLLWEE,vesicle
KKKFLIVIGSIIKKK,vesicle
KFLKKIVKIGKKSII,vesicle
GAVILRR,vesicle
FTISD,vesicle
ITSVV,vesicle
YFTEF,vesicle
AAVVLLLWEEEEE,vesicle
AAVVLLLWEEEEEEE,vesicle
IFYPWKDER,vesicle
IFYYNKEEN,vesicle
LFYYNKEEN,vesicle
LIAYWTNER,vesicle
LIFYWKEER,vesicle
RRLIVAG,vesicle
TAREYRPAHE,vesicle
YYAYY,vesicle
FFVLKTAREYRPAHEC,vesicle
IFYSNKNEQ,neg
LFYSNKNEQ,neg
IFFSNTEER,neg
LFFSNTEER,neg
IIAYWTDHQ,neg
ILAYWTDHQ,neg
LIAYWTDHQ,neg
LLAYWTDHQ,neg
IIAYWTEHN,neg
ILAYWTEHN,neg
LIAYWTEHN,neg
LLAYWTEHN,neg
IIAYWTNHQ,neg
ILAYWTNHQ,neg
LIAYWTNHQ,neg
LLAYWTNHQ,neg
IFFYNTNDQ,neg
LFFYNTNDQ,neg
IFFYNTNEN,neg
LFFYNTNEN,neg
VIFPWKEDQ,neg
VLFPWKEDQ,neg
VIFPWKEEN,neg
VLFPWKEEN,neg
IFYSNKDER,neg
LFYSNKDER,neg
IFYSNKEDR,neg
LFYSNKEDR,neg
IFYYGTDHR,neg
LFYYGTDHR,neg
IFFPNKNHR,neg
LFFPNKNHR,neg
IFFSWTEDQ,neg
LFFSWTEDQ,neg
IFFSWTEEN,neg
LFFSWTEEN,neg
IIYPWTEHQ,neg
ILYPWTEHQ,neg
LIYPWTEHQ,neg
LLYPWTEHQ,neg
VIFPWKNHR,neg
VLFPWKNHR,neg
VFYYNKDHN,neg
VFYYNTEHQ,neg
VFFSWTEER,neg
VFYSWKNEQ,neg
VFYSWTDER,neg
VFYSWTEDR,neg
VFYPWKNHN,neg
IFYSWTEER,neg
LFYSWTEER,neg
IFFPWKEHQ,neg
LFFPWKEHQ,neg
IIYPWKEHR,neg
ILYPWKEHR,neg
LIYPWKEHR,neg
LLYPWKEHR,neg
IFFYWKEER,neg
LFFYWKEER,neg
IIYSWTEEQ,neg
ILYSWTEEQ,neg
LIYSWTEEQ,neg
LLYSWTEEQ,neg
IIYSWTDDR,neg
ILYSWTDDR,neg
LIYSWTDDR,neg
LLYSWTDDR,neg
IIYPWKDHN,neg
ILYPWKDHN,neg
LIYPWKDHN,neg
LLYPWKDHN,neg
IIYYNKEDQ,neg
ILYYNKEDQ,neg
LIYYNKEDQ,neg
LLYYNKEDQ,neg
IIYYNKEEN,neg
ILYYNKEEN,neg
LIYYNKEEN,neg
LLYYNKEEN,neg
VIYSWKDER,neg
VLYSWKDER,neg
VIYSWKEDR,neg
VLYSWKEDR,neg
VFFSWKDDR,neg
IFFYNTEHQ,neg
LFFYNTEHQ,neg
VFFSWKEEQ,neg
VFYYGKEHR,neg
VFYYNKNHN,neg
IFFSWKNEQ,neg
LFFSWKNEQ,neg
VFYSWTNER,neg
VFYSWKDEQ,neg
VFYSWKEEN,neg
VFYSWKEDQ,neg
VFFYNKNDR,neg
IFYSWTDDR,neg
LFYSWTDDR,neg
IFYSWTEEQ,neg
LFYSWTEEQ,neg
VIYSWKEHR,neg
VLYSWKEHR,neg
VFASNKEHN,neg
VFASNKDHQ,neg
VFASNKNHQ,neg
VIFPGKNDR,neg
VFFPGTNHQ,neg
VFYSGTNHR,neg
VFAPNKNEQ,neg
VFFPGTDHQ,neg
VFFPGTEHN,neg
VFAPNKDEQ,neg
VIFPGKDDR,neg
VLFPGKDDR,neg
IFFPNTDEQ,neg
LFFPNTDEQ,neg
VFFSNKDEQ,neg
VFFSNKNEQ,neg
VFFSNKEHR,neg
VFYSNKNHR,neg
LFYPWTNDN,neg
IFYPWTDDN,neg
IFYPWYNDN,neg
LFYPWTDDN,neg
IFYSWTDDQ,neg
IFYSWTDEN,neg
IFYSWTNDQ,neg
IFYSWTNEN,neg
LFYSWTNEN,neg
LFYSWTDDQ,neg
LFYSWTDEN,neg
IIAYWKDHR,neg
IIAYWKNHR,neg
ILAYWKDHR,neg
ILAYWKNHR,neg
LIAYWKDHR,neg
LLAYWKDHR,neg
LIAYWKNHR,neg
LLAYWKNHR,neg
IIFSWKDHR,neg
ILFSWKDHR,neg
LIFSWKDHR,neg
LLFSWKDHR,neg
LFYSWTEEN,neg
IFYSWTEEN,neg
IIYPWKNHN,neg
ILYPWKNHN,neg
LIYPWKNHN,neg
LLYPWKNHN,neg
VIFYWTDHN,neg
VLFYWTDHN,neg
VIFYWKNDN,neg
VLFYWKNDN,neg
VIFYNKEER,neg
VLFYNKEER,neg
VIFYWTNHN,neg
VLFYWTNHN,neg
VFFPWKNEQ,neg
VIYYNTEHR,neg
VLYYNTEHR,neg
IFFYNKNHN,neg
LFFYNKNHN,neg
IFFYNKDHN,neg
LFFYNKDHN,neg
IFFYGKEHR,neg
LFFYGKEHR,neg
IIYSWKEHQ,neg
ILYSWKEHQ,neg
LIYSWKEHQ,neg
LLYSWKEHQ,neg
IFYSWKDDQ,neg
LFYSWKDDQ,neg
IFYSWKDEN,neg
LFYSWKDEN,neg
IFYSWKEDN,neg
LFYSWKEDN,neg
IFFPWKEDQ,neg
LFFPWKEDQ,neg
IFAPWKDDQ,neg
IFAPWKEEQ,neg
IFAPWTEER,neg
IFAPWTNHR,neg
IFASWTNDN,neg
IFAPWTEHR,neg
IFAYNKEHQ,neg
IFAYNTEHR,neg
IFAYWTDDN,neg
IFAYWTNDN,neg
IFFPNKNDR,neg
IFFPNTDHR,neg
IFFPNTNHR,neg
IFFSNKEEQ,neg
IFFSNTNHR,neg
IFFSWTDDN,neg
IFFSWTNDN,neg
IFFYGKDEQ,neg
IFFYGKEDQ,neg
IFFYGKNEQ,neg
IFFYGTDER,neg
LFAPWKDDQ,neg
IFFYGTEDR,neg
LFAPWKEEQ,neg
LFAPWTEER,neg
LFAPWTNHR,neg
LFASWTNDN,neg
LFAPWTEHR,neg
LFAYNKEHQ,neg
LFAYNTEER,neg
LFAYWTDDN,neg
LFAYWTNDN,neg
LFFPNKNDR,neg
LFFPNTDHR,neg
LFFPNTNHR,neg
LFFSNKEEQ,neg
LFFSNTNHR,neg
LFFSWTDDN,neg
LFFSWTNDN,neg
LFFYGKDEQ,neg
LFFYGKEDQ,neg
LFFYGKNEQ,neg
LFFYGTDER,neg
LFFYGTEDR,neg
IFYPWKNHQ,neg
LFYPWKNHQ,neg
IIYYWKDHN,neg
ILYYWKDHN,neg
LIYYWKDHN,neg
LLYYWKDHN,neg
IFYYWKNHQ,neg
LFYYWKNHQ,neg
IFAYWKEHR,neg
LFAYWKEHR,neg
RITWI,neg
PLVKA,neg
PFTTR,neg
QIMRW,neg
KIEKLKWKNAQLKADVDKLDAENAQLDA,neg
DSVDGFEAETCTASEDCEHAA,neg
DSADGEVAHTCTDSDVCFEAD,neg
